311955, 303181, 311494, 37, Tue Aug 12 13_57_44 2014
280563, 272649, 280082, 41349, Tue Aug 12 13_54_49 2014
12470, 10728, 12485, 41267, Tue Aug 12 13_45_14 2014
254528, 246872, 253909, 35, Tue Aug 12 13_51_28 2014
156621, 151419, 156393, 20, Tue Aug 12 13_46_01 2014
244912, 237667, 244576, 31, Tue Aug 12 13_48_44 2014
116897, 112141, 117893, 5, Tue Aug 12 13_33_22 2014
244674, 237260, 244593, 30, Tue Aug 12 13_36_28 2014
252562, 245200, 252191, 30, Tue Aug 12 13_54_15 2014
261660, 253939, 261358, 32, Tue Aug 12 13_47_27 2014
158280, 153096, 158195, 20, Tue Aug 12 13_41_42 2014
302231, 293448, 301845, 39, Tue Aug 12 13_39_04 2014
211965, 204232, 214270, 42, Tue Aug 12 14_00_28 2014
321193, 312221, 321163, 42, Tue Aug 12 13_38_28 2014
79646, 76360, 79871, 11, Tue Aug 12 13_42_52 2014
309111, 300180, 308626, 38, Tue Aug 12 13_56_08 2014
11813, 10099, 11932, 4, Tue Aug 12 13_45_20 2014
206580, 192463, 212496, 37, Tue Aug 12 14_01_47 2014
252051, 244743, 251749, 34, Tue Aug 12 13_49_16 2014
11784, 10110, 11811, 4, Tue Aug 12 13_45_25 2014
251503, 244033, 251276, 32, Tue Aug 12 13_46_40 2014
308559, 299570, 308465, 41325, Tue Aug 12 13_36_49 2014
312395, 303815, 311929, 38, Tue Aug 12 13_59_03 2014
919, 0, 529, 2, Tue Aug 12 13_59_32 2014
244081, 236905, 243660, 41318, Tue Aug 12 13_56_00 2014
1039, 1, 777, 2, Tue Aug 12 13_57_15 2014
22222, 20461, 22221, 0, Tue Aug 12 13_44_10 2014
250902, 243537, 250666, 26, Tue Aug 12 13_53_09 2014
251768, 244177, 251371, 41316, Tue Aug 12 13_36_11 2014
311955, 303181, 311494, 37, Tue Aug 12 13_57_46 2014
298462, 290192, 298022, 37, Tue Aug 12 13_58_57 2014
252067, 244656, 251607, 35, Tue Aug 12 13_51_15 2014
244616, 237265, 244379, 30, Tue Aug 12 13_36_16 2014
243644, 236614, 243480, 31, Tue Aug 12 13_51_59 2014
267019, 259410, 266646, 37, Tue Aug 12 13_50_08 2014
11588, 9961, 11651, 3, Tue Aug 12 13_45_07 2014
21907, 20004, 22027, 4, Tue Aug 12 13_41_52 2014
11992, 10355, 12128, 3, Tue Aug 12 13_44_43 2014
206580, 192463, 212496, 37, Tue Aug 12 14_01_48 2014
252828, 245365, 252299, 35, Tue Aug 12 13_52_40 2014
265375, 257456, 265283, 33, Tue Aug 12 13_48_00 2014
247711, 240547, 247400, 33, Tue Aug 12 13_51_23 2014
250902, 243537, 250666, 26, Tue Aug 12 13_53_11 2014
257052, 249502, 256961, 23, Tue Aug 12 13_35_13 2014
11588, 9961, 11651, 3, Tue Aug 12 13_45_09 2014
23238, 21361, 23306, 4, Tue Aug 12 13_44_25 2014
295859, 287213, 295709, 36, Tue Aug 12 13_36_39 2014
243253, 235924, 242725, 18, Tue Aug 12 13_53_29 2014
23734, 21928, 23825, 41287, Tue Aug 12 13_44_01 2014
250333, 243008, 249825, 36, Tue Aug 12 13_49_51 2014
252572, 245117, 252095, 36, Tue Aug 12 13_50_59 2014
12320, 10684, 12386, 3, Tue Aug 12 13_44_33 2014
299086, 290572, 298434, 37, Tue Aug 12 13_58_09 2014
275032, 267438, 274765, 34, Tue Aug 12 13_55_15 2014
84217, 80820, 84300, 11, Tue Aug 12 13_43_02 2014
232568, 225441, 232337, 29, Tue Aug 12 13_36_08 2014
260324, 252650, 259841, 41324, Tue Aug 12 13_52_25 2014
319110, 309924, 318813, 41, Tue Aug 12 13_37_13 2014
297766, 288968, 297460, 37, Tue Aug 12 13_37_03 2014
254968, 247224, 254675, 41283, Tue Aug 12 13_34_43 2014
302231, 293448, 301845, 39, Tue Aug 12 13_39_05 2014
11537, 9940, 11564, 41269, Tue Aug 12 13_45_50 2014
247026, 239716, 246687, 41316, Tue Aug 12 13_50_54 2014
250523, 242798, 265283, 33, Tue Aug 12 13_48_03 2014
23721, 21834, 23763, 4, Tue Aug 12 13_44_02 2014
11819, 10175, 11847, 3, Tue Aug 12 13_44_49 2014
303205, 294622, 303013, 42, Tue Aug 12 13_38_07 2014
211966, 197273, 218132, 37, Tue Aug 12 14_01_15 2014
23599, 21627, 23641, 4, Tue Aug 12 13_43_20 2014
225873, 218863, 225294, 41296, Tue Aug 12 13_46_06 2014
317355, 308832, 316960, 41329, Tue Aug 12 13_59_00 2014
223519, 209078, 230978, 35, Tue Aug 12 14_00_34 2014
215078, 200249, 221530, 35, Tue Aug 12 14_00_39 2014
260811, 252948, 260509, 32, Tue Aug 12 13_34_50 2014
243644, 236614, 243480, 31, Tue Aug 12 13_51_58 2014
244616, 237265, 244379, 30, Tue Aug 12 13_36_15 2014
243542, 236365, 243231, 30, Tue Aug 12 13_52_53 2014
23232, 21442, 23196, 41286, Tue Aug 12 13_44_19 2014
1073, 1, 773, 41294, Tue Aug 12 13_57_12 2014
248586, 241336, 248266, 41296, Tue Aug 12 13_50_18 2014
252684, 245294, 252286, 34, Tue Aug 12 13_52_11 2014
250333, 243008, 249825, 36, Tue Aug 12 13_49_46 2014
241020, 233956, 240646, 32, Tue Aug 12 13_52_17 2014
243777, 236456, 243697, 31, Tue Aug 12 13_35_45 2014
80524, 77190, 80600, 10, Tue Aug 12 13_42_46 2014
254979, 247323, 254805, 33, Tue Aug 12 13_35_52 2014
248674, 241386, 248293, 34, Tue Aug 12 13_50_12 2014
24012, 22102, 24114, 0, Tue Aug 12 13_43_36 2014
117034, 112178, 118082, 7, Tue Aug 12 13_33_43 2014
935, 0, 549, 41321, Tue Aug 12 13_59_35 2014
218082, 203043, 224443, 35, Tue Aug 12 14_00_51 2014
929, 1, 573, 0, Tue Aug 12 14_00_06 2014
242491, 235351, 242296, 29, Tue Aug 12 13_54_36 2014
319808, 310362, 319346, 40, Tue Aug 12 13_36_55 2014
80785, 77419, 80845, 0, Tue Aug 12 13_42_41 2014
249752, 242284, 249301, 23, Tue Aug 12 13_35_27 2014
282772, 274975, 282306, 27, Tue Aug 12 13_58_53 2014
215014, 200151, 221169, 36, Tue Aug 12 14_01_02 2014
310237, 301323, 309478, 38, Tue Aug 12 13_56_26 2014
309111, 300180, 308626, 38, Tue Aug 12 13_56_03 2014
260780, 253112, 260191, 34, Tue Aug 12 13_48_57 2014
251411, 243971, 250986, 34, Tue Aug 12 13_52_47 2014
254343, 246750, 254034, 32, Tue Aug 12 13_47_40 2014
301228, 292819, 300753, 30, Tue Aug 12 13_58_19 2014
217943, 209837, 220326, 44, Tue Aug 12 14_00_21 2014
250072, 242794, 249823, 31, Tue Aug 12 13_34_22 2014
304960, 296458, 304433, 37, Tue Aug 12 13_58_47 2014
309657, 300787, 309546, 41, Tue Aug 12 13_37_36 2014
237579, 230526, 237342, 41316, Tue Aug 12 13_53_36 2014
244434, 237129, 244278, 30, Tue Aug 12 13_35_16 2014
302169, 293965, 301834, 37, Tue Aug 12 13_59_27 2014
290023, 281771, 289232, 35, Tue Aug 12 13_55_20 2014
219177, 204311, 225533, 35, Tue Aug 12 14_00_44 2014
253250, 245676, 252825, 41334, Tue Aug 12 13_52_07 2014
299139, 290610, 298333, 25, Tue Aug 12 13_56_49 2014
12377, 10709, 12370, 4, Tue Aug 12 13_45_35 2014
935, 0, 549, 41321, Tue Aug 12 13_59_37 2014
215078, 200249, 221530, 29, Tue Aug 12 14_00_41 2014
252170, 244732, 252004, 41289, Tue Aug 12 13_34_24 2014
248212, 240812, 247978, 30, Tue Aug 12 13_53_42 2014
249502, 242161, 248967, 33, Tue Aug 12 13_50_28 2014
302452, 294006, 302012, 41348, Tue Aug 12 13_58_05 2014
24171, 22196, 24137, 4, Tue Aug 12 13_43_28 2014
244549, 237243, 244022, 34, Tue Aug 12 13_49_02 2014
214473, 199789, 220521, 39, Tue Aug 12 14_01_40 2014
246017, 238810, 245656, 33, Tue Aug 12 13_49_34 2014
249299, 241884, 248778, 41313, Tue Aug 12 13_52_42 2014
251712, 244205, 251605, 32, Tue Aug 12 13_35_24 2014
244912, 237667, 244576, 31, Tue Aug 12 13_48_45 2014
315354, 306619, 314772, 39, Tue Aug 12 13_58_21 2014
254343, 246750, 254034, 32, Tue Aug 12 13_47_44 2014
1204, 0, 890, 2, Tue Aug 12 13_55_27 2014
302778, 293913, 302477, 42, Tue Aug 12 13_37_38 2014
301923, 293634, 301308, 41327, Tue Aug 12 13_59_17 2014
23902, 22044, 23970, 4, Tue Aug 12 13_43_57 2014
251095, 243566, 250437, 32, Tue Aug 12 13_53_14 2014
11992, 10355, 12128, 3, Tue Aug 12 13_44_40 2014
211882, 197482, 218132, 37, Tue Aug 12 14_01_10 2014
12125, 10407, 12208, 3, Tue Aug 12 13_45_56 2014
252572, 245117, 252095, 36, Tue Aug 12 13_51_01 2014
79646, 76360, 79871, 11, Tue Aug 12 13_42_57 2014
23721, 21834, 23763, 4, Tue Aug 12 13_44_09 2014
306442, 297844, 305885, 28, Tue Aug 12 13_58_01 2014
270780, 263117, 270459, 37, Tue Aug 12 13_50_26 2014
211306, 196727, 217389, 41349, Tue Aug 12 14_00_49 2014
261116, 253523, 260550, 41327, Tue Aug 12 13_49_05 2014
83005, 79544, 82937, 0, Tue Aug 12 13_42_25 2014
236611, 229576, 236228, 24, Tue Aug 12 13_46_16 2014
250404, 242884, 249979, 32, Tue Aug 12 13_53_05 2014
254874, 247392, 254629, 24, Tue Aug 12 13_46_19 2014
252562, 245200, 252191, 30, Tue Aug 12 13_54_20 2014
11967, 10305, 12033, 41279, Tue Aug 12 13_44_36 2014
302799, 294419, 302100, 38, Tue Aug 12 13_59_14 2014
268724, 261031, 268271, 32, Tue Aug 12 13_55_02 2014
304960, 296458, 304433, 37, Tue Aug 12 13_58_48 2014
234957, 228025, 234683, 30, Tue Aug 12 13_54_03 2014
83127, 79654, 83126, 10, Tue Aug 12 13_42_08 2014
12125, 10407, 12208, 3, Tue Aug 12 13_45_53 2014
250072, 242794, 249823, 31, Tue Aug 12 13_34_20 2014
244434, 237129, 244278, 30, Tue Aug 12 13_35_14 2014
117034, 112178, 118082, 7, Tue Aug 12 13_33_41 2014
217332, 202407, 223797, 37, Tue Aug 12 14_01_35 2014
993, 0, 651, 0, Tue Aug 12 13_58_35 2014
283803, 275794, 283419, 41351, Tue Aug 12 13_55_23 2014
235392, 228539, 235226, 17, Tue Aug 12 13_54_25 2014
315354, 306619, 314772, 39, Tue Aug 12 13_58_22 2014
318572, 309522, 318355, 41335, Tue Aug 12 13_38_38 2014
248322, 241016, 248086, 28, Tue Aug 12 13_47_49 2014
319110, 309924, 318813, 41, Tue Aug 12 13_37_10 2014
254461, 246844, 253996, 41314, Tue Aug 12 13_49_26 2014
22656, 20776, 22855, 41276, Tue Aug 12 13_41_55 2014
255306, 247791, 255120, 28, Tue Aug 12 13_48_42 2014
70657, 67485, 70548, 10, Tue Aug 12 13_42_02 2014
280563, 272649, 280082, 41349, Tue Aug 12 13_54_47 2014
24171, 22196, 24137, 4, Tue Aug 12 13_43_31 2014
253162, 245900, 252926, 33, Tue Aug 12 13_50_46 2014
215078, 200249, 221530, 29, Tue Aug 12 14_00_43 2014
321069, 311922, 320710, 44, Tue Aug 12 13_38_43 2014
299764, 290986, 299384, 42, Tue Aug 12 13_38_33 2014
80524, 77190, 80600, 10, Tue Aug 12 13_42_44 2014
249100, 241939, 249005, 31, Tue Aug 12 13_53_23 2014
919, 0, 586, 0, Tue Aug 12 13_59_46 2014
253214, 245727, 252723, 35, Tue Aug 12 13_51_46 2014
248586, 241336, 248266, 41296, Tue Aug 12 13_50_20 2014
247157, 239892, 246979, 34, Tue Aug 12 13_52_22 2014
294452, 286011, 293920, 36, Tue Aug 12 13_56_52 2014
312997, 303832, 312828, 43, Tue Aug 12 13_37_33 2014
302169, 293965, 301834, 37, Tue Aug 12 13_59_23 2014
296079, 287421, 295567, 41, Tue Aug 12 13_39_09 2014
217943, 209837, 220326, 44, Tue Aug 12 14_00_19 2014
317355, 308832, 316960, 41329, Tue Aug 12 13_59_02 2014
242599, 235231, 242192, 29, Tue Aug 12 13_34_29 2014
208845, 194576, 214961, 41362, Tue Aug 12 14_01_23 2014
231661, 224804, 231288, 29, Tue Aug 12 13_47_14 2014
993, 0, 651, 0, Tue Aug 12 13_58_34 2014
81657, 78277, 81604, 41282, Tue Aug 12 13_42_31 2014
947, 0, 527, 2, Tue Aug 12 13_59_51 2014
309448, 300399, 309167, 42, Tue Aug 12 13_37_20 2014
305298, 296617, 304686, 37, Tue Aug 12 13_56_32 2014
319714, 310634, 319435, 43, Tue Aug 12 13_39_20 2014
253396, 245968, 252995, 34, Tue Aug 12 13_48_59 2014
23415, 21466, 23358, 4, Tue Aug 12 13_43_44 2014
256175, 248829, 255912, 28, Tue Aug 12 13_47_11 2014
296079, 287421, 295567, 39, Tue Aug 12 13_39_07 2014
313341, 304294, 313222, 41337, Tue Aug 12 13_39_14 2014
252562, 245200, 252191, 30, Tue Aug 12 13_54_18 2014
306080, 297419, 305458, 41329, Tue Aug 12 13_56_36 2014
252897, 245406, 252433, 41323, Tue Aug 12 13_51_12 2014
245482, 238374, 245266, 33, Tue Aug 12 13_51_35 2014
310237, 301323, 309478, 38, Tue Aug 12 13_56_24 2014
267780, 260073, 267326, 32, Tue Aug 12 13_54_46 2014
70657, 67485, 70548, 10, Tue Aug 12 13_42_00 2014
70657, 67485, 70548, 10, Tue Aug 12 13_41_57 2014
252828, 245365, 252299, 35, Tue Aug 12 13_52_38 2014
252442, 245026, 252065, 27, Tue Aug 12 13_46_51 2014
255229, 247688, 254935, 41291, Tue Aug 12 13_33_13 2014
87993, 84484, 88040, 12, Tue Aug 12 13_42_39 2014
251712, 244205, 251605, 32, Tue Aug 12 13_35_26 2014
250404, 242884, 249979, 32, Tue Aug 12 13_53_03 2014
1064, 2, 723, 2, Tue Aug 12 13_58_32 2014
300932, 292210, 300725, 39, Tue Aug 12 13_38_46 2014
252923, 245509, 252499, 41322, Tue Aug 12 13_51_50 2014
286941, 278941, 286492, 34, Tue Aug 12 13_55_14 2014
267602, 259794, 267317, 33, Tue Aug 12 13_46_12 2014
254461, 246844, 253996, 37, Tue Aug 12 13_49_31 2014
240017, 232641, 239675, 30, Tue Aug 12 13_36_00 2014
248683, 241226, 248144, 16, Tue Aug 12 13_55_55 2014
261488, 253566, 261011, 32, Tue Aug 12 13_48_16 2014
254729, 247271, 254574, 32, Tue Aug 12 13_46_50 2014
248815, 241329, 248467, 41293, Tue Aug 12 13_48_13 2014
11646, 10026, 11808, 0, Tue Aug 12 13_45_06 2014
261488, 253566, 261011, 32, Tue Aug 12 13_48_18 2014
297529, 289137, 297108, 36, Tue Aug 12 13_58_02 2014
294385, 285905, 294334, 30, Tue Aug 12 13_36_59 2014
240017, 232641, 239675, 30, Tue Aug 12 13_35_57 2014
12126, 10439, 12176, 3, Tue Aug 12 13_44_58 2014
237507, 230367, 237177, 31, Tue Aug 12 13_52_56 2014
120933, 115941, 121875, 18, Tue Aug 12 13_33_33 2014
309448, 300399, 309167, 42, Tue Aug 12 13_37_21 2014
74043, 70981, 74141, 0, Tue Aug 12 13_41_49 2014
248545, 241131, 248238, 41299, Tue Aug 12 13_47_19 2014
116897, 112141, 117893, 5, Tue Aug 12 13_33_23 2014
262460, 254819, 262239, 41316, Tue Aug 12 13_48_47 2014
244616, 237265, 244379, 30, Tue Aug 12 13_36_18 2014
251095, 243566, 250437, 32, Tue Aug 12 13_53_16 2014
253775, 246230, 253559, 24, Tue Aug 12 13_36_06 2014
211966, 197273, 217968, 35, Tue Aug 12 14_01_17 2014
156621, 151419, 156393, 20, Tue Aug 12 13_46_03 2014
315072, 305956, 314928, 41327, Tue Aug 12 13_38_54 2014
177021, 171497, 177024, 22, Tue Aug 12 13_41_34 2014
1039, 1, 777, 2, Tue Aug 12 13_57_16 2014
246183, 238870, 245831, 31, Tue Aug 12 13_48_26 2014
254343, 246808, 254252, 31, Tue Aug 12 13_35_03 2014
22186, 20276, 22143, 41281, Tue Aug 12 13_43_23 2014
12470, 10728, 12485, 41267, Tue Aug 12 13_45_11 2014
290023, 281771, 289232, 35, Tue Aug 12 13_55_22 2014
74043, 70981, 74141, 0, Tue Aug 12 13_41_45 2014
244081, 236905, 243660, 41318, Tue Aug 12 13_56_01 2014
255964, 248548, 255569, 36, Tue Aug 12 13_50_49 2014
858, 0, 525, 0, Tue Aug 12 13_59_30 2014
80604, 77292, 80607, 0, Tue Aug 12 13_42_59 2014
249100, 241939, 249005, 31, Tue Aug 12 13_53_24 2014
319110, 309924, 318813, 41, Tue Aug 12 13_37_12 2014
248815, 241329, 248467, 41293, Tue Aug 12 13_48_11 2014
296849, 288396, 296285, 36, Tue Aug 12 13_57_56 2014
312997, 303832, 312828, 43, Tue Aug 12 13_37_28 2014
267602, 259794, 267317, 33, Tue Aug 12 13_46_09 2014
294452, 286011, 293920, 36, Tue Aug 12 13_56_50 2014
1204, 0, 890, 2, Tue Aug 12 13_55_28 2014
243604, 236425, 243013, 33, Tue Aug 12 13_49_54 2014
11829, 10188, 11940, 0, Tue Aug 12 13_45_42 2014
297766, 288968, 297460, 37, Tue Aug 12 13_37_02 2014
12370, 10729, 12489, 41280, Tue Aug 12 13_45_32 2014
12126, 10439, 12086, 41271, Tue Aug 12 13_44_56 2014
242127, 234925, 241795, 30, Tue Aug 12 13_53_45 2014
319808, 310362, 319346, 40, Tue Aug 12 13_36_50 2014
257057, 249343, 256952, 32, Tue Aug 12 13_35_34 2014
16676, 14925, 16716, 0, Tue Aug 12 13_44_30 2014
246889, 239623, 246487, 35, Tue Aug 12 13_49_57 2014
250188, 242736, 250073, 41300, Tue Aug 12 13_35_54 2014
280065, 272170, 279568, 18, Tue Aug 12 13_55_37 2014
251510, 244230, 251353, 30, Tue Aug 12 13_54_28 2014
259359, 252006, 259119, 36, Tue Aug 12 13_51_10 2014
262161, 254565, 261734, 35, Tue Aug 12 13_52_27 2014
1073, 1, 773, 41294, Tue Aug 12 13_57_13 2014
251411, 243971, 250986, 34, Tue Aug 12 13_52_50 2014
253575, 246215, 253319, 30, Tue Aug 12 13_54_02 2014
245385, 238265, 245092, 31, Tue Aug 12 13_46_56 2014
257611, 250427, 257296, 33, Tue Aug 12 14_00_09 2014
249502, 242161, 248967, 33, Tue Aug 12 13_50_30 2014
23175, 21299, 23049, 4, Tue Aug 12 13_44_14 2014
240017, 232641, 239675, 30, Tue Aug 12 13_35_58 2014
283803, 275794, 283419, 41351, Tue Aug 12 13_55_25 2014
245482, 238374, 245266, 33, Tue Aug 12 13_51_38 2014
253575, 246215, 253319, 30, Tue Aug 12 13_53_57 2014
1117, 1, 841, 0, Tue Aug 12 13_57_05 2014
1136, 1, 780, 2, Tue Aug 12 13_57_38 2014
317934, 308729, 317700, 44, Tue Aug 12 13_38_25 2014
303205, 294622, 303013, 42, Tue Aug 12 13_38_04 2014
294449, 286224, 293973, 35, Tue Aug 12 13_54_54 2014
74043, 70981, 74141, 0, Tue Aug 12 13_41_47 2014
1136, 1, 780, 2, Tue Aug 12 13_57_33 2014
242130, 235024, 241783, 30, Tue Aug 12 13_53_50 2014
956, 0, 594, 2, Tue Aug 12 13_59_59 2014
242599, 235231, 242192, 29, Tue Aug 12 13_34_30 2014
11646, 10026, 11808, 0, Tue Aug 12 13_45_04 2014
12126, 10439, 12176, 3, Tue Aug 12 13_45_03 2014
239490, 232230, 239198, 29, Tue Aug 12 13_34_40 2014
246455, 239215, 246140, 41315, Tue Aug 12 13_54_13 2014
160767, 155564, 160646, 20, Tue Aug 12 13_41_26 2014
116359, 111644, 117660, 16, Tue Aug 12 13_33_26 2014
313124, 304088, 312754, 43, Tue Aug 12 13_38_49 2014
253214, 245727, 252723, 35, Tue Aug 12 13_51_45 2014
265435, 257644, 264959, 36, Tue Aug 12 13_51_53 2014
310570, 301475, 310245, 43, Tue Aug 12 13_37_57 2014
314008, 304974, 313682, 43, Tue Aug 12 13_38_59 2014
211965, 204232, 214270, 42, Tue Aug 12 14_00_26 2014
252051, 244743, 251749, 34, Tue Aug 12 13_49_18 2014
87993, 84484, 88040, 12, Tue Aug 12 13_42_38 2014
265375, 257456, 265283, 33, Tue Aug 12 13_47_57 2014
81884, 78410, 81784, 0, Tue Aug 12 13_42_05 2014
23415, 21466, 23358, 4, Tue Aug 12 13_43_46 2014
304569, 295572, 304273, 43, Tue Aug 12 13_37_46 2014
244616, 237265, 244379, 30, Tue Aug 12 13_36_21 2014
320495, 310992, 320190, 41, Tue Aug 12 13_36_46 2014
258988, 251500, 258872, 32, Tue Aug 12 13_47_03 2014
249752, 242284, 249301, 23, Tue Aug 12 13_35_31 2014
247157, 239892, 246979, 34, Tue Aug 12 13_52_20 2014
251587, 244119, 251368, 31, Tue Aug 12 13_47_50 2014
319714, 310634, 319435, 43, Tue Aug 12 13_39_15 2014
158280, 153096, 158195, 20, Tue Aug 12 13_41_41 2014
252442, 245026, 252065, 27, Tue Aug 12 13_46_53 2014
254309, 246910, 254011, 32, Tue Aug 12 13_47_21 2014
291893, 283428, 291735, 37, Tue Aug 12 13_37_18 2014
261488, 253566, 261011, 32, Tue Aug 12 13_48_21 2014
305205, 296456, 304844, 41316, Tue Aug 12 13_37_25 2014
155257, 150210, 155187, 41288, Tue Aug 12 13_41_37 2014
250523, 242798, 250186, 27, Tue Aug 12 13_48_05 2014
247074, 239589, 246632, 41317, Tue Aug 12 13_48_29 2014
254461, 246844, 253996, 37, Tue Aug 12 13_49_33 2014
297529, 289137, 297108, 36, Tue Aug 12 13_58_04 2014
262161, 254565, 261734, 35, Tue Aug 12 13_52_30 2014
258385, 250602, 257991, 33, Tue Aug 12 13_48_08 2014
302334, 293744, 301879, 41328, Tue Aug 12 13_56_18 2014
254968, 247224, 254675, 41283, Tue Aug 12 13_34_42 2014
216087, 200960, 222302, 41355, Tue Aug 12 14_01_07 2014
82065, 78622, 81930, 41296, Tue Aug 12 13_42_13 2014
23415, 21466, 23358, 4, Tue Aug 12 13_43_48 2014
215245, 200360, 221514, 38, Tue Aug 12 14_01_22 2014
256765, 249244, 256321, 33, Tue Aug 12 13_48_39 2014
260780, 253112, 260191, 34, Tue Aug 12 13_48_55 2014
1115, 0, 744, 1, Tue Aug 12 13_56_58 2014
258988, 251500, 258872, 32, Tue Aug 12 13_47_05 2014
304569, 295572, 304273, 43, Tue Aug 12 13_37_51 2014
220938, 212714, 223587, 41361, Tue Aug 12 14_00_13 2014
265435, 257644, 264959, 36, Tue Aug 12 13_51_56 2014
239490, 232230, 239198, 29, Tue Aug 12 13_34_38 2014
951, 1, 601, 41306, Tue Aug 12 13_59_54 2014
243604, 236425, 243013, 33, Tue Aug 12 13_49_52 2014
11784, 10110, 11811, 4, Tue Aug 12 13_45_27 2014
84217, 80820, 84300, 11, Tue Aug 12 13_43_04 2014
252923, 245509, 252499, 41322, Tue Aug 12 13_51_48 2014
11537, 9940, 11564, 41269, Tue Aug 12 13_45_48 2014
217943, 209837, 220326, 44, Tue Aug 12 14_00_14 2014
317969, 308685, 317321, 44, Tue Aug 12 13_38_13 2014
22186, 20276, 22143, 41281, Tue Aug 12 13_43_25 2014
251712, 244205, 251605, 32, Tue Aug 12 13_35_21 2014
294449, 286224, 293973, 35, Tue Aug 12 13_54_51 2014
256765, 249244, 256321, 33, Tue Aug 12 13_48_32 2014
1136, 1, 780, 2, Tue Aug 12 13_57_39 2014
255283, 247662, 255111, 31, Tue Aug 12 13_35_40 2014
301538, 293078, 300809, 41342, Tue Aug 12 13_58_26 2014
286941, 278941, 286492, 34, Tue Aug 12 13_55_12 2014
265065, 257200, 264451, 32, Tue Aug 12 13_55_50 2014
81126, 77876, 81233, 41291, Tue Aug 12 13_43_05 2014
11537, 9940, 11941, 3, Tue Aug 12 13_45_46 2014
319714, 310634, 319435, 43, Tue Aug 12 13_39_17 2014
240400, 233461, 240127, 34, Tue Aug 12 13_50_39 2014
262636, 254961, 262122, 41317, Tue Aug 12 13_50_38 2014
254343, 246808, 254252, 31, Tue Aug 12 13_35_08 2014
257052, 249502, 256961, 23, Tue Aug 12 13_35_11 2014
216817, 201842, 223320, 38, Tue Aug 12 14_01_28 2014
903, 1, 542, 1, Tue Aug 12 13_59_43 2014
260780, 253112, 260191, 34, Tue Aug 12 13_48_52 2014
246418, 239201, 246272, 41314, Tue Aug 12 13_49_25 2014
213799, 199168, 220005, 41335, Tue Aug 12 14_01_43 2014
22656, 20776, 22855, 41276, Tue Aug 12 13_41_54 2014
267780, 260073, 267326, 32, Tue Aug 12 13_54_44 2014
217943, 209837, 220326, 44, Tue Aug 12 14_00_18 2014
234957, 228025, 234683, 15, Tue Aug 12 13_54_07 2014
309111, 300180, 308626, 38, Tue Aug 12 13_56_04 2014
23721, 21834, 23763, 4, Tue Aug 12 13_44_06 2014
956, 0, 594, 2, Tue Aug 12 13_59_58 2014
1064, 2, 723, 2, Tue Aug 12 13_58_27 2014
219177, 204311, 225533, 35, Tue Aug 12 14_00_46 2014
260780, 253112, 260191, 34, Tue Aug 12 13_48_50 2014
233115, 226050, 232988, 21, Tue Aug 12 13_34_55 2014
251503, 244033, 239414, 25, Tue Aug 12 13_46_37 2014
240627, 233727, 240752, 21, Tue Aug 12 13_34_34 2014
244674, 237260, 244593, 30, Tue Aug 12 13_36_26 2014
315072, 305956, 314928, 41327, Tue Aug 12 13_38_56 2014
1039, 1, 777, 2, Tue Aug 12 13_57_18 2014
216817, 201842, 223320, 38, Tue Aug 12 14_01_30 2014
312997, 303832, 312828, 43, Tue Aug 12 13_37_31 2014
80709, 77484, 80842, 10, Tue Aug 12 13_43_10 2014
275032, 267438, 274765, 21, Tue Aug 12 13_55_17 2014
258988, 251500, 258872, 32, Tue Aug 12 13_47_08 2014
310237, 301323, 309478, 38, Tue Aug 12 13_56_22 2014
1039, 1, 777, 2, Tue Aug 12 13_57_20 2014
296355, 287967, 295947, 23, Tue Aug 12 13_56_11 2014
247026, 239716, 246687, 41316, Tue Aug 12 13_50_56 2014
317934, 308729, 317700, 44, Tue Aug 12 13_38_23 2014
119915, 114904, 120770, 41286, Tue Aug 12 13_33_30 2014
306442, 297844, 305885, 28, Tue Aug 12 13_57_59 2014
242610, 235491, 242403, 31, Tue Aug 12 13_51_41 2014
256175, 248829, 255912, 28, Tue Aug 12 13_47_09 2014
265065, 257200, 264451, 32, Tue Aug 12 13_55_48 2014
252251, 244669, 252026, 31, Tue Aug 12 13_33_18 2014
253396, 245968, 252995, 34, Tue Aug 12 13_49_00 2014
243896, 236814, 243627, 35, Tue Aug 12 13_49_15 2014
240686, 233544, 240348, 29, Tue Aug 12 13_54_08 2014
257745, 250140, 257345, 32, Tue Aug 12 13_47_34 2014
235221, 228199, 235003, 26, Tue Aug 12 13_48_24 2014
951, 1, 601, 41306, Tue Aug 12 13_59_53 2014
81884, 78410, 81784, 0, Tue Aug 12 13_42_07 2014
268724, 261031, 268271, 32, Tue Aug 12 13_55_04 2014
23734, 21928, 23825, 41287, Tue Aug 12 13_43_59 2014
230115, 223079, 229727, 41297, Tue Aug 12 13_35_18 2014
243542, 236365, 243231, 30, Tue Aug 12 13_52_55 2014
270780, 263117, 270459, 37, Tue Aug 12 13_50_23 2014
310960, 302154, 310354, 38, Tue Aug 12 13_56_42 2014
236611, 229576, 236228, 24, Tue Aug 12 13_46_17 2014
211882, 197482, 218132, 37, Tue Aug 12 14_01_14 2014
302169, 293965, 301834, 37, Tue Aug 12 13_59_25 2014
248212, 240812, 247978, 30, Tue Aug 12 13_53_40 2014
87993, 84484, 88040, 12, Tue Aug 12 13_42_33 2014
253897, 246550, 253564, 36, Tue Aug 12 13_49_38 2014
250404, 242884, 249979, 32, Tue Aug 12 13_53_06 2014
81884, 78410, 81784, 10, Tue Aug 12 13_42_03 2014
11813, 10099, 11932, 4, Tue Aug 12 13_45_16 2014
265375, 257456, 265283, 33, Tue Aug 12 13_48_02 2014
261488, 253566, 261011, 32, Tue Aug 12 13_48_19 2014
310960, 302154, 310354, 38, Tue Aug 12 13_56_39 2014
120933, 115941, 121875, 18, Tue Aug 12 13_33_36 2014
11992, 10355, 12128, 3, Tue Aug 12 13_44_41 2014
319110, 309924, 318813, 41, Tue Aug 12 13_37_15 2014
236766, 229759, 236523, 41306, Tue Aug 12 13_47_00 2014
303205, 294622, 308521, 41322, Tue Aug 12 13_38_02 2014
213799, 199168, 220005, 41335, Tue Aug 12 14_01_41 2014
323085, 313490, 322674, 34, Tue Aug 12 13_36_41 2014
11992, 10355, 12128, 41279, Tue Aug 12 13_44_38 2014
21907, 20004, 22027, 4, Tue Aug 12 13_41_50 2014
1064, 2, 723, 2, Tue Aug 12 13_58_29 2014
243253, 235924, 242725, 18, Tue Aug 12 13_53_31 2014
257318, 249850, 256908, 32, Tue Aug 12 13_46_29 2014
12370, 10729, 12489, 4, Tue Aug 12 13_45_29 2014
242491, 235351, 242296, 29, Tue Aug 12 13_54_38 2014
210405, 195906, 216567, 33, Tue Aug 12 14_01_01 2014
234957, 228025, 234683, 15, Tue Aug 12 13_54_05 2014
947, 0, 527, 2, Tue Aug 12 13_59_50 2014
303205, 294622, 303013, 42, Tue Aug 12 13_38_05 2014
294385, 285905, 294334, 30, Tue Aug 12 13_37_00 2014
303205, 294622, 303013, 42, Tue Aug 12 13_38_09 2014
262161, 254565, 261734, 35, Tue Aug 12 13_52_32 2014
296355, 287967, 295947, 23, Tue Aug 12 13_56_13 2014
275402, 267671, 274975, 41319, Tue Aug 12 13_50_02 2014
275402, 267671, 274975, 41319, Tue Aug 12 13_49_59 2014
296473, 288207, 295993, 41325, Tue Aug 12 13_58_42 2014
1111, 0, 824, 0, Tue Aug 12 13_57_25 2014
291893, 283428, 291735, 37, Tue Aug 12 13_37_16 2014
23238, 21361, 23306, 4, Tue Aug 12 13_44_22 2014
300932, 292210, 300725, 39, Tue Aug 12 13_38_47 2014
255283, 247662, 255111, 31, Tue Aug 12 13_35_44 2014
303101, 294346, 303008, 41322, Tue Aug 12 13_37_41 2014
12125, 10407, 12208, 3, Tue Aug 12 13_45_55 2014
23238, 21361, 23306, 4, Tue Aug 12 13_44_27 2014
254309, 246910, 254011, 32, Tue Aug 12 13_47_22 2014
255964, 248548, 255569, 36, Tue Aug 12 13_50_51 2014
312395, 303815, 311929, 38, Tue Aug 12 13_59_09 2014
217332, 202407, 223797, 37, Tue Aug 12 14_01_36 2014
235392, 228539, 235226, 17, Tue Aug 12 13_54_23 2014
319808, 310362, 319346, 40, Tue Aug 12 13_36_57 2014
81823, 78446, 81809, 10, Tue Aug 12 13_42_18 2014
252195, 244962, 252146, 32, Tue Aug 12 13_51_04 2014
215181, 207214, 217510, 38, Tue Aug 12 14_00_25 2014
22605, 20796, 22732, 0, Tue Aug 12 13_43_53 2014
1136, 1, 780, 2, Tue Aug 12 13_57_34 2014
299086, 290572, 298434, 37, Tue Aug 12 13_58_12 2014
301_26, 29_6_3, 300753, 37, Tue Aug 12 13_58_15 2014
306080, 297419, 305458, 41329, Tue Aug 12 13_56_37 2014
250333, 243008, 249825, 36, Tue Aug 12 13_49_49 2014
264747, 257057, 264315, 41322, Tue Aug 12 13_53_55 2014
282772, 274975, 282306, 27, Tue Aug 12 13_58_52 2014
242130, 235024, 241783, 30, Tue Aug 12 13_53_52 2014
243896, 236814, 243627, 35, Tue Aug 12 13_49_11 2014
248061, 240685, 247736, 41322, Tue Aug 12 13_53_00 2014
267019, 259410, 266646, 37, Tue Aug 12 13_50_07 2014
323085, 313490, 322674, 34, Tue Aug 12 13_36_42 2014
313124, 304088, 312754, 43, Tue Aug 12 13_38_51 2014
11791, 10182, 11941, 3, Tue Aug 12 13_45_43 2014
214296, 206291, 216705, 41340, Tue Aug 12 14_00_31 2014
251056, 243678, 250816, 41304, Tue Aug 12 13_46_43 2014
1115, 0, 744, 1, Tue Aug 12 13_57_00 2014
217943, 209837, 220326, 44, Tue Aug 12 14_00_16 2014
251056, 243678, 250816, 41304, Tue Aug 12 13_46_42 2014
321380, 312133, 320972, 41320, Tue Aug 12 13_38_20 2014
268726, 260998, 268439, 41301, Tue Aug 12 13_46_25 2014
298462, 290192, 298022, 37, Tue Aug 12 13_58_58 2014
919, 0, 586, 0, Tue Aug 12 13_59_48 2014
255967, 248409, 255493, 33, Tue Aug 12 13_52_35 2014
302169, 293965, 301834, 41327, Tue Aug 12 13_59_20 2014
276345, 268322, 275744, 41296, Tue Aug 12 13_49_44 2014
242599, 235231, 242192, 29, Tue Aug 12 13_34_32 2014
310960, 302154, 310354, 38, Tue Aug 12 13_56_44 2014
260074, 252387, 259587, 41313, Tue Aug 12 13_53_19 2014
239407, 232390, 239180, 34, Tue Aug 12 13_50_15 2014
211882, 197482, 218132, 37, Tue Aug 12 14_01_09 2014
305205, 296456, 304844, 41316, Tue Aug 12 13_37_23 2014
306442, 297844, 305885, 36, Tue Aug 12 13_57_57 2014
155257, 150210, 155187, 41288, Tue Aug 12 13_41_36 2014
248550, 241107, 248336, 41279, Tue Aug 12 13_35_36 2014
244616, 237265, 244379, 30, Tue Aug 12 13_36_19 2014
314008, 304974, 313682, 43, Tue Aug 12 13_38_57 2014
265435, 257644, 264959, 36, Tue Aug 12 13_51_54 2014
243542, 236365, 243231, 30, Tue Aug 12 13_52_51 2014
278647, 270716, 278216, 34, Tue Aug 12 13_56_16 2014
929, 1, 573, 0, Tue Aug 12 14_00_05 2014
309111, 300180, 308626, 38, Tue Aug 12 13_56_06 2014
267019, 259410, 266646, 37, Tue Aug 12 13_50_04 2014
1129, 1, 819, 41303, Tue Aug 12 13_57_31 2014
314008, 304974, 313682, 43, Tue Aug 12 13_39_00 2014
265278, 257679, 264938, 41321, Tue Aug 12 13_51_30 2014
260324, 252650, 259841, 41324, Tue Aug 12 13_52_24 2014
242610, 235491, 242403, 31, Tue Aug 12 13_51_43 2014
12470, 10728, 12485, 41267, Tue Aug 12 13_45_12 2014
70657, 67485, 70548, 10, Tue Aug 12 13_41_58 2014
223519, 209078, 230978, 35, Tue Aug 12 14_00_33 2014
239622, 232602, 239414, 25, Tue Aug 12 13_46_34 2014
255306, 247791, 255120, 28, Tue Aug 12 13_48_41 2014
12284, 10533, 12266, 0, Tue Aug 12 13_45_24 2014
302799, 294419, 302100, 38, Tue Aug 12 13_59_15 2014
246183, 238870, 245831, 31, Tue Aug 12 13_48_28 2014
95517, 91825, 95439, 6, Tue Aug 12 13_45_59 2014
303101, 294346, 303008, 41322, Tue Aug 12 13_37_42 2014
299086, 290572, 298434, 37, Tue Aug 12 13_58_14 2014
256765, 249244, 256321, 33, Tue Aug 12 13_48_36 2014
261660, 253939, 261358, 28, Tue Aug 12 13_47_31 2014
302452, 294006, 302012, 41348, Tue Aug 12 13_58_07 2014
230115, 223079, 229727, 41297, Tue Aug 12 13_35_19 2014
158280, 153096, 158195, 20, Tue Aug 12 13_41_39 2014
16676, 14925, 16716, 0, Tue Aug 12 13_44_28 2014
233115, 226050, 232988, 29, Tue Aug 12 13_34_58 2014
87993, 84484, 88040, 12, Tue Aug 12 13_42_34 2014
231661, 224804, 231288, 29, Tue Aug 12 13_47_16 2014
301228, 292819, 300753, 30, Tue Aug 12 13_58_17 2014
254729, 247271, 254574, 32, Tue Aug 12 13_46_48 2014
257057, 249343, 256952, 32, Tue Aug 12 13_35_32 2014
240400, 233461, 240127, 34, Tue Aug 12 13_50_44 2014
250333, 243008, 249825, 36, Tue Aug 12 13_49_47 2014
240017, 232641, 239675, 30, Tue Aug 12 13_36_03 2014
293834, 285722, 293314, 0, Tue Aug 12 13_58_37 2014
243896, 236814, 243627, 35, Tue Aug 12 13_49_08 2014
240400, 233461, 240127, 34, Tue Aug 12 13_50_41 2014
80709, 77484, 80842, 10, Tue Aug 12 13_43_12 2014
253897, 246550, 253564, 36, Tue Aug 12 13_49_39 2014
300832, 292116, 300660, 41, Tue Aug 12 13_38_10 2014
250531, 243253, 250292, 31, Tue Aug 12 13_52_01 2014
265375, 257456, 265283, 33, Tue Aug 12 13_47_58 2014
319714, 310634, 319435, 43, Tue Aug 12 13_39_18 2014
12126, 10439, 12176, 3, Tue Aug 12 13_44_59 2014
23415, 21466, 23358, 4, Tue Aug 12 13_43_51 2014
249752, 242284, 249301, 23, Tue Aug 12 13_35_29 2014
305298, 296617, 304686, 37, Tue Aug 12 13_56_34 2014
275402, 267671, 274975, 41319, Tue Aug 12 13_50_00 2014
248212, 240812, 247978, 30, Tue Aug 12 13_53_44 2014
254729, 247271, 254574, 32, Tue Aug 12 13_46_47 2014
12320, 10684, 12386, 3, Tue Aug 12 13_44_32 2014
243253, 235924, 242725, 31, Tue Aug 12 13_53_27 2014
237507, 230367, 237177, 31, Tue Aug 12 13_52_58 2014
81823, 78446, 81809, 10, Tue Aug 12 13_42_15 2014
12284, 10533, 12266, 0, Tue Aug 12 13_45_22 2014
317934, 308729, 317700, 44, Tue Aug 12 13_38_26 2014
251503, 244033, 251276, 32, Tue Aug 12 13_46_38 2014
242127, 234925, 241795, 16, Tue Aug 12 13_53_49 2014
251411, 243971, 250986, 34, Tue Aug 12 13_52_45 2014
295859, 287213, 295709, 36, Tue Aug 12 13_36_37 2014
302306, 293885, 301864, 36, Tue Aug 12 13_55_40 2014
11813, 10099, 11932, 4, Tue Aug 12 13_45_19 2014
265278, 257679, 264938, 41321, Tue Aug 12 13_51_31 2014
318572, 309522, 318355, 42, Tue Aug 12 13_38_34 2014
11791, 10182, 11941, 3, Tue Aug 12 13_45_45 2014
257318, 249850, 256908, 32, Tue Aug 12 13_46_30 2014
23232, 21442, 23196, 41286, Tue Aug 12 13_44_17 2014
1064, 2, 723, 2, Tue Aug 12 13_58_30 2014
24171, 22196, 24137, 4, Tue Aug 12 13_43_33 2014
242491, 235351, 242296, 29, Tue Aug 12 13_54_39 2014
254343, 246808, 254252, 31, Tue Aug 12 13_35_05 2014
24033, 22027, 24032, 0, Tue Aug 12 13_43_18 2014
1136, 1, 780, 2, Tue Aug 12 13_57_36 2014
1111, 0, 824, 2, Tue Aug 12 13_57_21 2014
79646, 76360, 79871, 11, Tue Aug 12 13_42_55 2014
310570, 301475, 310245, 43, Tue Aug 12 13_37_55 2014
317969, 308685, 317321, 44, Tue Aug 12 13_38_15 2014
315583, 306707, 315567, 42, Tue Aug 12 13_37_54 2014
296355, 287967, 295947, 38, Tue Aug 12 13_56_09 2014
80709, 77484, 80842, 10, Tue Aug 12 13_43_15 2014
321193, 312221, 321163, 42, Tue Aug 12 13_38_30 2014
258844, 251219, 258410, 41309, Tue Aug 12 13_47_37 2014
267019, 259410, 266646, 37, Tue Aug 12 13_50_05 2014
250404, 242884, 249979, 32, Tue Aug 12 13_53_08 2014
250099, 242540, 249749, 41290, Tue Aug 12 13_35_01 2014
252572, 245117, 252095, 36, Tue Aug 12 13_51_02 2014
255229, 247688, 254935, 41291, Tue Aug 12 13_33_12 2014
244381, 237238, 243855, 30, Tue Aug 12 13_55_56 2014
903, 1, 542, 1, Tue Aug 12 13_59_45 2014
294449, 286224, 293973, 35, Tue Aug 12 13_54_52 2014
1093, 1, 745, 2, Tue Aug 12 13_57_26 2014
24206, 22330, 24328, 4, Tue Aug 12 13_43_38 2014
24171, 22196, 24137, 4, Tue Aug 12 13_43_30 2014
23117, 21227, 23119, 41294, Tue Aug 12 13_43_43 2014
242610, 235491, 242403, 31, Tue Aug 12 13_51_40 2014
903, 1, 542, 41321, Tue Aug 12 13_59_38 2014
240017, 232641, 239675, 30, Tue Aug 12 13_36_02 2014
252763, 245367, 252584, 31, Tue Aug 12 13_53_34 2014
321380, 312133, 320972, 41320, Tue Aug 12 13_38_17 2014
1143, 1, 790, 2, Tue Aug 12 13_57_08 2014
310960, 302154, 310354, 38, Tue Aug 12 13_56_40 2014
319110, 309924, 318813, 41, Tue Aug 12 13_37_08 2014
243896, 236814, 243627, 35, Tue Aug 12 13_49_13 2014
259359, 252006, 259119, 36, Tue Aug 12 13_51_09 2014
211882, 197482, 218132, 37, Tue Aug 12 14_01_12 2014
254309, 246910, 254011, 32, Tue Aug 12 13_47_26 2014
243777, 236456, 243697, 21, Tue Aug 12 13_35_49 2014
255967, 248409, 255493, 33, Tue Aug 12 13_52_37 2014
919, 0, 529, 2, Tue Aug 12 13_59_33 2014
22222, 20461, 22221, 0, Tue Aug 12 13_44_12 2014
300832, 292116, 300660, 41, Tue Aug 12 13_38_12 2014
11829, 10188, 11940, 0, Tue Aug 12 13_45_40 2014
240627, 233727, 240752, 21, Tue Aug 12 13_34_35 2014
244381, 237238, 243855, 30, Tue Aug 12 13_55_58 2014
79646, 76360, 79871, 11, Tue Aug 12 13_42_54 2014
120933, 115941, 121875, 18, Tue Aug 12 13_33_38 2014
210405, 195906, 216567, 33, Tue Aug 12 14_00_59 2014
251411, 243971, 250986, 34, Tue Aug 12 13_52_48 2014
253575, 246215, 253319, 30, Tue Aug 12 13_54_00 2014
310237, 301323, 309478, 38, Tue Aug 12 13_56_21 2014
23721, 21834, 23763, 4, Tue Aug 12 13_44_04 2014
250531, 243253, 250292, 34, Tue Aug 12 13_52_03 2014
241020, 233956, 240646, 32, Tue Aug 12 13_52_16 2014
249722, 242303, 249166, 41305, Tue Aug 12 13_47_55 2014
275720, 268050, 275359, 41333, Tue Aug 12 13_55_07 2014
83127, 79654, 83126, 10, Tue Aug 12 13_42_10 2014
218082, 203043, 224443, 35, Tue Aug 12 14_00_52 2014
254326, 246808, 254213, 24, Tue Aug 12 13_36_23 2014
321069, 311922, 320710, 44, Tue Aug 12 13_38_39 2014
81823, 78446, 81809, 10, Tue Aug 12 13_42_20 2014
252251, 244669, 252026, 31, Tue Aug 12 13_33_20 2014
81657, 78277, 81604, 41282, Tue Aug 12 13_42_29 2014
268726, 260998, 268439, 41301, Tue Aug 12 13_46_24 2014
81199, 77784, 81253, 10, Tue Aug 12 13_42_28 2014
254729, 247271, 254574, 32, Tue Aug 12 13_46_45 2014
246889, 239623, 246487, 35, Tue Aug 12 13_49_55 2014
254528, 246872, 253909, 33, Tue Aug 12 13_51_25 2014
244549, 237243, 244022, 34, Tue Aug 12 13_49_03 2014
265065, 257200, 264451, 32, Tue Aug 12 13_55_46 2014
23238, 21361, 23306, 4, Tue Aug 12 13_44_20 2014
254461, 246844, 253996, 37, Tue Aug 12 13_49_29 2014
254309, 246910, 254011, 32, Tue Aug 12 13_47_24 2014
255964, 248548, 255569, 36, Tue Aug 12 13_50_52 2014
240400, 233461, 240127, 34, Tue Aug 12 13_50_43 2014
254528, 246872, 253909, 35, Tue Aug 12 13_51_27 2014
319808, 310362, 319346, 40, Tue Aug 12 13_36_52 2014
12065, 10384, 12086, 41271, Tue Aug 12 13_44_54 2014
312395, 303815, 311929, 38, Tue Aug 12 13_59_05 2014
116359, 111644, 117660, 16, Tue Aug 12 13_33_28 2014
267602, 259794, 267317, 33, Tue Aug 12 13_46_11 2014
255283, 247662, 255111, 31, Tue Aug 12 13_35_39 2014
301538, 293078, 300809, 41342, Tue Aug 12 13_58_24 2014
1115, 0, 744, 1, Tue Aug 12 13_56_57 2014
245385, 238265, 245092, 31, Tue Aug 12 13_46_58 2014
299139, 290610, 298333, 38, Tue Aug 12 13_56_45 2014
321069, 311922, 320710, 44, Tue Aug 12 13_38_41 2014
12377, 10709, 12370, 4, Tue Aug 12 13_45_33 2014
301923, 293634, 301308, 41327, Tue Aug 12 13_59_18 2014
23117, 21227, 23119, 41294, Tue Aug 12 13_43_41 2014
253162, 245900, 252926, 33, Tue Aug 12 13_50_48 2014
247406, 239994, 247399, 41294, Tue Aug 12 13_36_29 2014
237579, 230526, 237342, 41316, Tue Aug 12 13_53_37 2014
215245, 200360, 221514, 38, Tue Aug 12 14_01_20 2014
282737, 274839, 282300, 20, Tue Aug 12 13_54_41 2014
251712, 244205, 251605, 32, Tue Aug 12 13_35_23 2014
240627, 233727, 240752, 21, Tue Aug 12 13_34_37 2014
301292, 292578, 300670, 38, Tue Aug 12 13_56_27 2014
252684, 245294, 252286, 34, Tue Aug 12 13_52_12 2014
256765, 249244, 256321, 33, Tue Aug 12 13_48_37 2014
252067, 244656, 251607, 35, Tue Aug 12 13_51_17 2014
1038, 1, 808, 41303, Tue Aug 12 13_56_55 2014
160767, 155564, 160646, 20, Tue Aug 12 13_41_24 2014
233115, 226050, 232988, 29, Tue Aug 12 13_34_57 2014
304960, 296458, 304433, 37, Tue Aug 12 13_58_45 2014
304130, 295248, 303813, 41289, Tue Aug 12 13_37_05 2014
232568, 225441, 232337, 29, Tue Aug 12 13_36_10 2014
250188, 242736, 250073, 41300, Tue Aug 12 13_35_55 2014
282737, 274839, 282300, 20, Tue Aug 12 13_54_42 2014
1204, 0, 890, 2, Tue Aug 12 13_55_32 2014
308559, 299570, 308465, 41325, Tue Aug 12 13_36_47 2014
312395, 303815, 311929, 38, Tue Aug 12 13_59_07 2014
247074, 239589, 246632, 41317, Tue Aug 12 13_48_31 2014
223519, 209078, 230978, 35, Tue Aug 12 14_00_36 2014
242491, 235351, 242296, 29, Tue Aug 12 13_54_33 2014
270780, 263117, 270459, 37, Tue Aug 12 13_50_25 2014
249722, 242303, 249166, 41305, Tue Aug 12 13_47_53 2014
215181, 207214, 217510, 38, Tue Aug 12 14_00_23 2014
11813, 10099, 11932, 4, Tue Aug 12 13_45_17 2014
956, 0, 594, 2, Tue Aug 12 14_00_01 2014
214296, 206291, 216705, 41340, Tue Aug 12 14_00_29 2014
246418, 239201, 246272, 41314, Tue Aug 12 13_49_23 2014
320495, 310992, 320190, 41, Tue Aug 12 13_36_44 2014
218082, 203043, 224443, 35, Tue Aug 12 14_00_54 2014
12065, 10384, 12086, 41271, Tue Aug 12 13_44_53 2014
242491, 235351, 242296, 29, Tue Aug 12 13_54_34 2014
252684, 245294, 252286, 34, Tue Aug 12 13_52_09 2014
246455, 239215, 246140, 41315, Tue Aug 12 13_54_11 2014
217332, 202407, 223320, 38, Tue Aug 12 14_01_33 2014
302334, 293744, 301879, 41328, Tue Aug 12 13_56_19 2014
250902, 243537, 250666, 26, Tue Aug 12 13_53_13 2014
249100, 241939, 249005, 31, Tue Aug 12 13_53_21 2014
265065, 257200, 264451, 32, Tue Aug 12 13_55_45 2014
321380, 312133, 320972, 41320, Tue Aug 12 13_38_18 2014
304960, 296458, 304433, 37, Tue Aug 12 13_58_50 2014
286941, 278941, 286492, 34, Tue Aug 12 13_55_09 2014
1117, 1, 841, 1, Tue Aug 12 13_57_03 2014
235392, 228539, 235226, 30, Tue Aug 12 13_54_21 2014
248545, 241131, 248238, 41299, Tue Aug 12 13_47_18 2014
80604, 77292, 80607, 0, Tue Aug 12 13_43_00 2014
12370, 10729, 12489, 41280, Tue Aug 12 13_45_30 2014
156621, 151419, 156393, 20, Tue Aug 12 13_46_04 2014
120933, 115941, 121875, 18, Tue Aug 12 13_33_35 2014
252067, 244656, 251607, 35, Tue Aug 12 13_51_18 2014
243896, 236814, 243627, 35, Tue Aug 12 13_49_10 2014
258385, 250602, 257991, 33, Tue Aug 12 13_48_10 2014
301292, 292578, 300670, 23, Tue Aug 12 13_56_31 2014
248550, 241107, 248336, 41279, Tue Aug 12 13_35_37 2014
12377, 10709, 12370, 4, Tue Aug 12 13_45_37 2014
273257, 265511, 293973, 35, Tue Aug 12 13_54_57 2014
254326, 246808, 254213, 24, Tue Aug 12 13_36_24 2014
216087, 200960, 222302, 41355, Tue Aug 12 14_01_05 2014
24033, 22027, 24032, 0, Tue Aug 12 13_43_17 2014
82065, 78622, 81930, 41296, Tue Aug 12 13_42_12 2014
206580, 192463, 212496, 37, Tue Aug 12 14_01_45 2014
295859, 287213, 295709, 36, Tue Aug 12 13_36_34 2014
255967, 248409, 255493, 33, Tue Aug 12 13_52_33 2014
1093, 1, 745, 2, Tue Aug 12 13_57_28 2014
11819, 10175, 11847, 3, Tue Aug 12 13_44_51 2014
248322, 241016, 248086, 28, Tue Aug 12 13_47_47 2014
257052, 249502, 256961, 23, Tue Aug 12 13_35_10 2014
254343, 246750, 254034, 32, Tue Aug 12 13_47_39 2014
11851, 10242, 11906, 0, Tue Aug 12 13_44_48 2014
276345, 268322, 275744, 41296, Tue Aug 12 13_49_42 2014
303793, 295018, 303415, 40, Tue Aug 12 13_39_22 2014
23599, 21627, 23641, 4, Tue Aug 12 13_43_22 2014
23175, 21299, 23049, 4, Tue Aug 12 13_44_15 2014
11851, 10242, 11906, 0, Tue Aug 12 13_44_46 2014
252251, 244669, 252026, 31, Tue Aug 12 13_33_15 2014
292359, 284217, 291818, 29, Tue Aug 12 13_59_10 2014
81126, 77876, 81233, 41291, Tue Aug 12 13_43_07 2014
262161, 254565, 261734, 35, Tue Aug 12 13_52_29 2014
293834, 285722, 293314, 36, Tue Aug 12 13_58_40 2014
223519, 209078, 230978, 35, Tue Aug 12 14_00_38 2014
248683, 241226, 248144, 32, Tue Aug 12 13_55_51 2014
313341, 304294, 313222, 41337, Tue Aug 12 13_39_12 2014
257745, 250140, 257345, 32, Tue Aug 12 13_47_32 2014
257318, 249850, 256908, 32, Tue Aug 12 13_46_27 2014
1117, 1, 841, 0, Tue Aug 12 13_57_07 2014
87993, 84484, 88040, 12, Tue Aug 12 13_42_36 2014
245729, 238339, 245184, 35, Tue Aug 12 13_49_21 2014
302778, 293913, 302477, 42, Tue Aug 12 13_37_39 2014
314008, 304974, 313682, 43, Tue Aug 12 13_39_02 2014
1129, 1, 819, 41303, Tue Aug 12 13_57_29 2014
252562, 245200, 252191, 30, Tue Aug 12 13_54_16 2014
317934, 308729, 317700, 44, Tue Aug 12 13_38_21 2014
242599, 235231, 242192, 29, Tue Aug 12 13_34_27 2014
254343, 246750, 254034, 32, Tue Aug 12 13_47_42 2014
246017, 238810, 245656, 33, Tue Aug 12 13_49_36 2014
260780, 253112, 260191, 34, Tue Aug 12 13_48_54 2014
253775, 246230, 253559, 24, Tue Aug 12 13_36_05 2014
254461, 246844, 253996, 37, Tue Aug 12 13_49_28 2014
211306, 196727, 217389, 41349, Tue Aug 12 14_00_47 2014
249100, 241939, 249005, 31, Tue Aug 12 13_53_26 2014
22605, 20796, 22732, 0, Tue Aug 12 13_43_54 2014
248586, 241336, 248266, 34, Tue Aug 12 13_50_17 2014
284442, 276349, 283846, 24, Tue Aug 12 13_57_41 2014
248674, 241386, 248293, 34, Tue Aug 12 13_50_10 2014
319808, 310362, 319346, 40, Tue Aug 12 13_36_54 2014
247406, 239994, 247399, 41294, Tue Aug 12 13_36_31 2014
95517, 91825, 95439, 6, Tue Aug 12 13_45_58 2014
261116, 253523, 260550, 41327, Tue Aug 12 13_49_07 2014
248683, 241226, 248144, 16, Tue Aug 12 13_55_53 2014
239622, 232602, 239414, 25, Tue Aug 12 13_46_35 2014
260811, 252948, 260509, 32, Tue Aug 12 13_34_45 2014
245482, 238374, 245266, 33, Tue Aug 12 13_51_36 2014
299086, 290572, 298434, 37, Tue Aug 12 13_58_10 2014
247711, 240547, 247400, 33, Tue Aug 12 13_51_22 2014
262636, 254961, 262122, 35, Tue Aug 12 13_50_35 2014
259359, 252006, 259119, 36, Tue Aug 12 13_51_07 2014
258844, 251219, 258410, 41309, Tue Aug 12 13_47_36 2014
267602, 259794, 267317, 33, Tue Aug 12 13_46_14 2014
23902, 22044, 23970, 4, Tue Aug 12 13_43_56 2014
248061, 240685, 247736, 41322, Tue Aug 12 13_53_01 2014
234799, 227784, 234618, 21, Tue Aug 12 13_34_52 2014
11967, 10305, 12033, 41279, Tue Aug 12 13_44_35 2014
80709, 77484, 80842, 10, Tue Aug 12 13_43_08 2014
241020, 233956, 240646, 32, Tue Aug 12 13_52_19 2014
177021, 171497, 177024, 22, Tue Aug 12 13_41_32 2014
80785, 77419, 80845, 0, Tue Aug 12 13_42_42 2014
257318, 249850, 256908, 32, Tue Aug 12 13_46_32 2014
252170, 244732, 252004, 41289, Tue Aug 12 13_34_25 2014
253575, 246215, 253319, 30, Tue Aug 12 13_53_58 2014
278647, 270716, 278216, 34, Tue Aug 12 13_56_14 2014
318572, 309522, 318355, 41335, Tue Aug 12 13_38_36 2014
276345, 268322, 275744, 41296, Tue Aug 12 13_49_41 2014
308683, 299773, 308521, 41322, Tue Aug 12 13_37_59 2014
903, 1, 542, 1, Tue Aug 12 13_59_41 2014
308683, 299773, 308521, 41322, Tue Aug 12 13_38_00 2014
1143, 1, 790, 2, Tue Aug 12 13_57_10 2014
159823, 154699, 159827, 11, Tue Aug 12 13_41_28 2014
117034, 112178, 118082, 7, Tue Aug 12 13_33_39 2014
256175, 248829, 255912, 28, Tue Aug 12 13_47_13 2014
252897, 245406, 252433, 41323, Tue Aug 12 13_51_14 2014
250523, 242798, 250186, 27, Tue Aug 12 13_48_06 2014
245729, 238339, 245184, 35, Tue Aug 12 13_49_20 2014
216817, 201842, 223320, 38, Tue Aug 12 14_01_32 2014
312997, 303832, 312828, 43, Tue Aug 12 13_37_29 2014
250531, 243253, 250292, 34, Tue Aug 12 13_52_04 2014
24206, 22330, 24328, 4, Tue Aug 12 13_43_40 2014
1115, 0, 744, 1, Tue Aug 12 13_57_02 2014
23238, 21361, 23306, 4, Tue Aug 12 13_44_23 2014
218082, 203043, 224443, 35, Tue Aug 12 14_00_56 2014
295859, 287213, 295709, 36, Tue Aug 12 13_36_36 2014
315583, 306707, 315567, 42, Tue Aug 12 13_37_52 2014
158280, 153096, 158195, 20, Tue Aug 12 13_41_44 2014
280065, 272170, 279568, 18, Tue Aug 12 13_55_35 2014
304569, 295572, 304273, 43, Tue Aug 12 13_37_49 2014
1111, 0, 824, 0, Tue Aug 12 13_57_23 2014
260074, 252387, 259587, 41313, Tue Aug 12 13_53_18 2014
296473, 288207, 295993, 41325, Tue Aug 12 13_58_43 2014
215014, 200151, 221169, 36, Tue Aug 12 14_01_04 2014
24012, 22102, 24114, 0, Tue Aug 12 13_43_35 2014
248322, 241016, 248086, 32, Tue Aug 12 13_47_45 2014
903, 1, 542, 1, Tue Aug 12 13_59_40 2014
240686, 233544, 240348, 29, Tue Aug 12 13_54_10 2014
252442, 245026, 252065, 27, Tue Aug 12 13_46_55 2014
220938, 212714, 223587, 41361, Tue Aug 12 14_00_11 2014
267542, 259804, 266952, 41343, Tue Aug 12 13_55_43 2014
225873, 218863, 225294, 41296, Tue Aug 12 13_46_08 2014
254979, 247323, 254805, 33, Tue Aug 12 13_35_50 2014
280065, 272170, 279568, 2, Tue Aug 12 13_55_33 2014
216817, 201842, 223320, 38, Tue Aug 12 14_01_27 2014
251587, 244119, 251368, 31, Tue Aug 12 13_47_52 2014
260811, 252948, 260509, 32, Tue Aug 12 13_34_48 2014
264747, 257057, 264315, 41322, Tue Aug 12 13_53_54 2014
252195, 244962, 252146, 32, Tue Aug 12 13_51_05 2014
82816, 79484, 82961, 41289, Tue Aug 12 13_42_49 2014
12126, 10439, 12176, 3, Tue Aug 12 13_45_01 2014
251510, 244230, 251353, 30, Tue Aug 12 13_54_26 2014
252572, 245117, 252095, 36, Tue Aug 12 13_50_57 2014
1038, 1, 808, 41303, Tue Aug 12 13_56_54 2014
956, 0, 594, 41306, Tue Aug 12 13_59_56 2014
309657, 300787, 309546, 41, Tue Aug 12 13_37_34 2014
252763, 245367, 252584, 31, Tue Aug 12 13_53_32 2014
302169, 293965, 301834, 37, Tue Aug 12 13_59_22 2014
245482, 238374, 245266, 33, Tue Aug 12 13_51_33 2014
261488, 253566, 261011, 32, Tue Aug 12 13_48_15 2014
299139, 290610, 298333, 25, Tue Aug 12 13_56_47 2014
236766, 229759, 236523, 41306, Tue Aug 12 13_47_01 2014
254343, 246808, 254252, 31, Tue Aug 12 13_35_06 2014
270780, 263117, 270459, 37, Tue Aug 12 13_50_22 2014
261660, 253939, 261358, 28, Tue Aug 12 13_47_29 2014
255283, 247662, 255111, 31, Tue Aug 12 13_35_42 2014
83005, 79544, 82937, 10, Tue Aug 12 13_42_21 2014
242127, 234925, 241795, 16, Tue Aug 12 13_53_47 2014
250099, 242540, 249749, 41290, Tue Aug 12 13_35_00 2014
239407, 232390, 239180, 34, Tue Aug 12 13_50_13 2014
304130, 295248, 303813, 41289, Tue Aug 12 13_37_07 2014
301292, 292578, 300670, 23, Tue Aug 12 13_56_29 2014
82816, 79484, 82961, 41289, Tue Aug 12 13_42_47 2014
252684, 245294, 252286, 34, Tue Aug 12 13_52_14 2014
243777, 236456, 243697, 21, Tue Aug 12 13_35_47 2014
267542, 259804, 266952, 41343, Tue Aug 12 13_55_42 2014
286941, 278941, 286492, 34, Tue Aug 12 13_55_10 2014
302306, 293885, 301864, 36, Tue Aug 12 13_55_38 2014
11992, 10355, 12128, 3, Tue Aug 12 13_44_45 2014
214473, 199789, 220521, 39, Tue Aug 12 14_01_38 2014
273257, 265511, 272777, 19, Tue Aug 12 13_55_00 2014
253250, 245676, 252825, 41334, Tue Aug 12 13_52_06 2014
294449, 286224, 293973, 35, Tue Aug 12 13_54_56 2014
252067, 244656, 251607, 35, Tue Aug 12 13_51_20 2014
12377, 10709, 12370, 4, Tue Aug 12 13_45_38 2014
312997, 303832, 312828, 41316, Tue Aug 12 13_37_26 2014
304569, 295572, 304273, 43, Tue Aug 12 13_37_47 2014
81823, 78446, 81809, 10, Tue Aug 12 13_42_16 2014
119915, 114904, 120770, 41286, Tue Aug 12 13_33_31 2014
250072, 242794, 258736, 24, Tue Aug 12 13_34_19 2014
253565, 246244, 253306, 35, Tue Aug 12 13_50_31 2014
258988, 251500, 258872, 32, Tue Aug 12 13_47_06 2014
254874, 247392, 254629, 32, Tue Aug 12 13_46_21 2014
298462, 290192, 298022, 27, Tue Aug 12 13_58_55 2014
234799, 227784, 234618, 21, Tue Aug 12 13_34_53 2014
251768, 244177, 251371, 41316, Tue Aug 12 13_36_13 2014
237159, 230321, 237078, 41318, Tue Aug 12 13_54_31 2014
292359, 284217, 291818, 29, Tue Aug 12 13_59_12 2014
256765, 249244, 256321, 33, Tue Aug 12 13_48_34 2014
159823, 154699, 159827, 11, Tue Aug 12 13_41_29 2014
23721, 21834, 23763, 4, Tue Aug 12 13_44_07 2014
12125, 10407, 12208, 3, Tue Aug 12 13_45_51 2014
254874, 247392, 254629, 32, Tue Aug 12 13_46_22 2014
80709, 77484, 80842, 10, Tue Aug 12 13_43_13 2014
248212, 240812, 247978, 30, Tue Aug 12 13_53_39 2014
284442, 276349, 283846, 24, Tue Aug 12 13_57_43 2014
116897, 112141, 117893, 5, Tue Aug 12 13_33_25 2014
211966, 197273, 217968, 35, Tue Aug 12 14_01_19 2014
296079, 287421, 295567, 41, Tue Aug 12 13_39_10 2014
858, 0, 525, 0, Tue Aug 12 13_59_28 2014
275032, 267438, 274765, 21, Tue Aug 12 13_55_19 2014
24171, 22196, 24137, 4, Tue Aug 12 13_43_26 2014
253565, 246244, 253306, 35, Tue Aug 12 13_50_33 2014
273257, 265511, 272777, 19, Tue Aug 12 13_54_59 2014
956, 0, 594, 2, Tue Aug 12 14_00_03 2014
262460, 254819, 262239, 41316, Tue Aug 12 13_48_49 2014
1204, 0, 890, 2, Tue Aug 12 13_55_30 2014
265435, 257644, 264959, 36, Tue Aug 12 13_51_51 2014
293834, 285722, 293314, 36, Tue Aug 12 13_58_39 2014
159823, 154699, 159827, 11, Tue Aug 12 13_41_31 2014
304569, 295572, 304273, 41322, Tue Aug 12 13_37_44 2014
210405, 195906, 224443, 35, Tue Aug 12 14_00_57 2014
23415, 21466, 23358, 4, Tue Aug 12 13_43_49 2014
81199, 77784, 81253, 10, Tue Aug 12 13_42_26 2014
321069, 311922, 320710, 44, Tue Aug 12 13_38_44 2014
299764, 290986, 299384, 42, Tue Aug 12 13_38_31 2014
262636, 254961, 262122, 41317, Tue Aug 12 13_50_36 2014
260811, 252948, 260509, 32, Tue Aug 12 13_34_47 2014
79646, 76360, 79871, 11, Tue Aug 12 13_42_51 2014
252251, 244669, 252026, 31, Tue Aug 12 13_33_17 2014
315072, 305956, 312754, 43, Tue Aug 12 13_38_52 2014
237159, 230321, 237078, 41318, Tue Aug 12 13_54_29 2014
208845, 194576, 214961, 41362, Tue Aug 12 14_01_25 2014
235221, 228199, 235003, 26, Tue Aug 12 13_48_23 2014
295859, 287213, 295709, 36, Tue Aug 12 13_36_32 2014
275720, 268050, 275359, 41333, Tue Aug 12 13_55_06 2014
257611, 250427, 257296, 33, Tue Aug 12 14_00_08 2014
83005, 79544, 82937, 0, Tue Aug 12 13_42_23 2014
